{"count":1,"self":474.0777472,"total":507.12960139999996,"children":{"InitializeActuators":{"count":4,"self":0.0015172999999999999,"total":0.0015172999999999999,"children":null},"InitializeSensors":{"count":4,"self":0.0035101999999999998,"total":0.0035101999999999998,"children":null},"AgentSendState":{"count":19314,"self":8.67986,"total":9.2187875,"children":{"CollectObservations":{"count":15452,"self":0.0929256,"total":0.0929256,"children":null},"WriteActionMask":{"count":15452,"self":0.10987609999999999,"total":0.10987609999999999,"children":null},"RequestDecision":{"count":15452,"self":0.3361259,"total":0.3361259,"children":null}}},"DecideAction":{"count":19314,"self":20.252544,"total":20.4704081,"children":{"RayPerceptionSensor.Perceive":{"count":30904,"self":0.21786429999999998,"total":0.21786429999999998,"children":null}}},"AgentAct":{"count":19314,"self":3.3561164,"total":3.3561163,"children":null}},"gauges":{"SoccerTwos.CumulativeReward":{"count":120,"max":7.03300667,"min":-0.1524387,"runningAverage":1.28590631,"value":2.78970766,"weightedAverage":2.71155071}},"metadata":{"timer_format_version":"0.1.0","start_time_seconds":"1742493207","unity_version":"6000.0.24f1","command_line_arguments":"D:\\Unity\\6000.0.24f1\\Editor\\Unity.exe -projectpath D:\\projects\\Soccer -useHub -hubIPC -cloudEnvironment production","communication_protocol_version":"1.5.0","com.unity.ml-agents_version":"3.0.0","scene_name":"StrikersFinal","end_time_seconds":"1742493714"}}