{"count":1,"self":100.26961279999999,"total":109.9783301,"children":{"InitializeActuators":{"count":4,"self":0.0020082999999999998,"total":0.0020082999999999998,"children":null},"InitializeSensors":{"count":4,"self":0.0035106,"total":0.0035106,"children":null},"AgentSendState":{"count":4594,"self":0.6170157,"total":0.6543205,"children":{"CollectObservations":{"count":3676,"self":0.0035347,"total":0.0035347,"children":null},"WriteActionMask":{"count":3676,"self":0.0074142999999999995,"total":0.0074142999999999995,"children":null},"RequestDecision":{"count":3676,"self":0.0263558,"total":0.0263558,"children":null}}},"DecideAction":{"count":4594,"self":2.5387307999999997,"total":2.566265,"children":{"RayPerceptionSensor.Perceive":{"count":7352,"self":0.027534299999999998,"total":0.027534299999999998,"children":null}}},"AgentAct":{"count":4594,"self":6.4826124,"total":6.4826124,"children":null}},"gauges":{"SoccerTwos.CumulativeReward":{"count":20,"max":6.499996,"min":0.6,"runningAverage":2.74499917,"value":2.99999928,"weightedAverage":2.48517632}},"metadata":{"timer_format_version":"0.1.0","start_time_seconds":"1742076300","unity_version":"6000.0.24f1","command_line_arguments":"D:\\Unity\\6000.0.24f1\\Editor\\Unity.exe -projectpath D:\\projects\\Soccer -useHub -hubIPC -cloudEnvironment production","communication_protocol_version":"1.5.0","com.unity.ml-agents_version":"3.0.0","scene_name":"StrikersVsGoalie","end_time_seconds":"1742076410"}}